Date and Time,"power MIN, kW","power GUESS, kW","power MAX, kW","annualised consumption MIN, GWh","annualised consumption GUESS, GWh","annualised consumption MAX, GWh"
2021-12-12T00:00:00,66.0005,202.4875,484.8596,0.5786,1.775,4.2503
2021-12-13T00:00:00,65.4855,200.9034,481.0347,0.574,1.7611,4.2168
2021-12-14T00:00:00,65.8819,202.1162,483.9265,0.5775,1.7718,4.2421
2021-12-15T00:00:00,66.6386,204.4301,489.4689,0.5842,1.792,4.2907
2021-12-16T00:00:00,67.3218,206.521,494.4748,0.5901,1.8104,4.3346
2021-12-17T00:00:00,67.4957,207.0556,495.7405,0.5917,1.815,4.3457
2021-12-18T00:00:00,67.5382,207.186,496.0417,0.592,1.8162,4.3483
2021-12-19T00:00:00,67.7997,207.9846,497.9309,0.5943,1.8232,4.3649
2021-12-20T00:00:00,68.3135,209.5589,501.6868,0.5988,1.837,4.3978
2021-12-21T00:00:00,68.684,210.6941,504.3931,0.6021,1.8469,4.4215
2021-12-22T00:00:00,68.93,211.4532,506.1943,0.6042,1.8536,4.4373
2021-12-23T00:00:00,68.9316,211.4677,506.2063,0.6043,1.8537,4.4374
2021-12-24T00:00:00,69.2251,212.3671,508.3495,0.6068,1.8616,4.4562
2021-12-25T00:00:00,69.6353,213.6245,511.3506,0.6104,1.8726,4.4825
2021-12-26T00:00:00,70.118,215.1071,514.8932,0.6147,1.8856,4.5136
2021-12-27T00:00:00,71.2139,218.468,522.9364,0.6243,1.9151,4.5841
2021-12-28T00:00:00,71.5444,219.4857,525.3553,0.6272,1.924,4.6053
2021-12-29T00:00:00,71.5194,219.41,525.1541,0.6269,1.9233,4.6035
2021-12-30T00:00:00,71.737,220.0773,526.7413,0.6288,1.9292,4.6174
2021-12-31T00:00:00,71.6824,219.9147,526.3385,0.6284,1.9278,4.6139
2022-01-01T00:00:00,71.43,219.1488,524.4877,0.6262,1.9211,4.5977
2022-01-02T00:00:00,71.1882,218.417,522.7178,0.624,1.9146,4.5821
2022-01-03T00:00:00,70.46,216.1898,517.3674,0.6177,1.8951,4.5352
2022-01-04T00:00:00,70.2793,215.644,516.0532,0.6161,1.8903,4.5237
2022-01-05T00:00:00,70.2401,215.5356,515.7867,0.6157,1.8894,4.5214
2022-01-06T00:00:00,70.2576,215.6038,515.9399,0.6159,1.89,4.5227
2022-01-07T00:00:00,70.383,216.0053,516.8951,0.617,1.8935,4.5311
2022-01-08T00:00:00,70.3094,215.7903,516.3706,0.6163,1.8916,4.5265
2022-01-09T00:00:00,70.3117,215.7997,516.3889,0.6164,1.8917,4.5267
2022-01-10T00:00:00,70.2175,215.5134,515.6987,0.6155,1.8892,4.5206
2022-01-11T00:00:00,70.0877,215.118,514.7462,0.6144,1.8857,4.5123
2022-01-12T00:00:00,69.9892,214.8153,514.0172,0.6135,1.8831,4.5059
2022-01-13T00:00:00,69.8656,214.425,513.084,0.6124,1.8796,4.4977
2022-01-14T00:00:00,69.9546,214.6829,513.7034,0.6132,1.8819,4.5031
2022-01-15T00:00:00,70.348,215.8841,516.5854,0.6167,1.8924,4.5284
2022-01-16T00:00:00,70.56,216.5324,518.1392,0.6185,1.8981,4.542
2022-01-17T00:00:00,70.8052,217.2849,519.9399,0.6207,1.9047,4.5578
2022-01-18T00:00:00,71.0135,217.922,521.4636,0.6225,1.9103,4.5712
2022-01-19T00:00:00,71.0732,218.1082,521.9053,0.623,1.9119,4.575
2022-01-20T00:00:00,71.3224,218.876,523.739,0.6252,1.9187,4.5911
2022-01-21T00:00:00,70.7531,217.1309,519.5593,0.6202,1.9034,4.5545
2022-01-22T00:00:00,70.5408,216.4797,517.9909,0.6184,1.8977,4.5407
2022-01-23T00:00:00,70.5626,216.5418,518.134,0.6186,1.8982,4.542
2022-01-24T00:00:00,70.53,216.4304,517.8631,0.6183,1.8972,4.5396
2022-01-25T00:00:00,70.9963,217.8475,521.2579,0.6224,1.9097,4.5693
2022-01-26T00:00:00,71.5024,219.3815,524.9283,0.6268,1.9231,4.6015
2022-01-27T00:00:00,73.1575,224.4372,537.0464,0.6413,1.9674,4.7077
2022-01-28T00:00:00,75.5322,231.7058,554.4578,0.6621,2.0311,4.8604
2022-01-29T00:00:00,77.2951,237.0933,567.3858,0.6776,2.0784,4.9737
2022-01-30T00:00:00,78.3706,240.3768,575.2757,0.687,2.1071,5.0429
2022-01-31T00:00:00,78.9614,242.1728,579.6363,0.6922,2.1229,5.0811
2022-02-01T00:00:00,75.8687,232.6886,556.9986,0.6651,2.0397,4.8826
2022-02-02T00:00:00,76.0097,233.1274,558.0968,0.6663,2.0436,4.8923
2022-02-03T00:00:00,74.1778,227.5212,544.6882,0.6502,1.9945,4.7747
2022-02-04T00:00:00,73.9061,226.6919,542.7243,0.6479,1.9872,4.7575
2022-02-05T00:00:00,73.3044,224.8495,538.316,0.6426,1.971,4.7189
2022-02-06T00:00:00,72.8036,223.3248,534.6583,0.6382,1.9577,4.6868
2022-02-07T00:00:00,72.6006,222.7261,533.178,0.6364,1.9524,4.6738
2022-02-08T00:00:00,75.842,232.674,556.9353,0.6648,2.0396,4.8821
2022-02-09T00:00:00,75.9953,233.146,558.033,0.6662,2.0438,4.8917
2022-02-10T00:00:00,76.7347,235.4179,563.4517,0.6727,2.0637,4.9392
2022-02-11T00:00:00,75.9611,233.0555,557.7639,0.6659,2.043,4.8894
2022-02-12T00:00:00,76.734,235.4194,563.4187,0.6727,2.0637,4.9389
2022-02-13T00:00:00,76.1397,233.6189,559.0758,0.6674,2.0479,4.9009
2022-02-14T00:00:00,75.3633,231.2672,553.4098,0.6606,2.0273,4.8512
2022-02-15T00:00:00,74.8652,229.7633,549.7801,0.6563,2.0141,4.8194
2022-02-16T00:00:00,74.4769,228.6005,546.9706,0.6529,2.0039,4.7947
2022-02-17T00:00:00,74.1694,227.6834,544.7534,0.6502,1.9959,4.7753
2022-02-18T00:00:00,73.866,226.7788,542.571,0.6475,1.9879,4.7562
2022-02-19T00:00:00,72.5153,222.6786,532.7176,0.6357,1.952,4.6698
2022-02-20T00:00:00,73.0135,224.2067,536.3779,0.64,1.9654,4.7019
2022-02-21T00:00:00,73.8762,226.839,542.6939,0.6476,1.9885,4.7573
2022-02-22T00:00:00,74.3746,228.3612,546.3476,0.652,2.0018,4.7893
2022-02-23T00:00:00,74.9494,230.1111,550.5427,0.657,2.0172,4.8261
2022-02-24T00:00:00,75.1499,230.7121,551.9755,0.6588,2.0224,4.8386
2022-02-25T00:00:00,75.2668,231.0642,552.8091,0.6598,2.0255,4.8459
2022-02-26T00:00:00,75.4361,231.5773,554.0284,0.6613,2.03,4.8566
2022-02-27T00:00:00,75.6401,232.1983,555.5086,0.6631,2.0355,4.8696
2022-02-28T00:00:00,75.8037,232.7018,556.7043,0.6645,2.0399,4.8801
2022-03-01T00:00:00,75.9368,233.1079,557.6682,0.6657,2.0434,4.8885
2022-03-02T00:00:00,75.9395,233.1177,557.6813,0.6657,2.0435,4.8886
2022-03-03T00:00:00,75.9169,233.0484,557.5211,0.6655,2.0429,4.8872
2022-03-04T00:00:00,76.0376,233.4082,558.3931,0.6665,2.0461,4.8949
2022-03-05T00:00:00,76.3864,234.4649,560.9413,0.6696,2.0553,4.9172
2022-03-06T00:00:00,76.6553,235.2822,562.9104,0.672,2.0625,4.9345
2022-03-07T00:00:00,77.0175,236.3858,565.5632,0.6751,2.0722,4.9577
2022-03-08T00:00:00,77.4461,237.694,568.7006,0.6789,2.0836,4.9852
2022-03-09T00:00:00,78.006,239.4058,572.8083,0.6838,2.0986,5.0212
2022-03-10T00:00:00,78.8961,242.1307,579.3353,0.6916,2.1225,5.0785
2022-03-11T00:00:00,79.6281,244.375,584.7062,0.698,2.1422,5.1255
2022-03-12T00:00:00,80.4264,246.8281,590.5713,0.705,2.1637,5.1769
2022-03-13T00:00:00,80.8884,248.2528,593.9673,0.7091,2.1762,5.2067
2022-03-14T00:00:00,81.2506,249.3628,596.6145,0.7122,2.1859,5.2299
2022-03-15T00:00:00,81.4872,250.0876,598.3416,0.7143,2.1923,5.2451
2022-03-16T00:00:00,81.4372,249.9325,597.9592,0.7139,2.1909,5.2417
2022-03-17T00:00:00,81.3346,249.6248,597.2088,0.713,2.1882,5.2351
2022-03-18T00:00:00,81.2105,249.2443,596.2884,0.7119,2.1849,5.2271
2022-03-19T00:00:00,80.7935,247.9611,593.2042,0.7082,2.1736,5.2
2022-03-20T00:00:00,80.5628,247.2469,591.4877,0.7062,2.1674,5.185
2022-03-21T00:00:00,80.3942,246.722,590.2244,0.7047,2.1628,5.1739
2022-03-22T00:00:00,80.3373,246.5435,589.7887,0.7042,2.1612,5.1701
2022-03-23T00:00:00,80.3751,246.654,590.0485,0.7046,2.1622,5.1724
2022-03-24T00:00:00,80.3526,246.5785,589.8653,0.7044,2.1615,5.1708
2022-03-25T00:00:00,80.3167,246.4639,589.5839,0.7041,2.1605,5.1683
2022-03-26T00:00:00,80.5589,247.2071,591.3589,0.7062,2.167,5.1839
2022-03-27T00:00:00,80.7368,247.7522,592.6545,0.7077,2.1718,5.1952
2022-03-28T00:00:00,80.7893,247.9214,593.0475,0.7082,2.1733,5.1987
2022-03-29T00:00:00,83.0059,254.7168,609.3341,0.7276,2.2328,5.3414
2022-03-30T00:00:00,83.1659,255.1903,610.5191,0.729,2.237,5.3518
2022-03-31T00:00:00,82.8517,254.2065,608.2234,0.7263,2.2284,5.3317
2022-04-01T00:00:00,82.6464,253.564,606.7384,0.7245,2.2227,5.3187
2022-04-02T00:00:00,82.2239,252.2603,603.6652,0.7208,2.2113,5.2917
2022-04-03T00:00:00,81.9552,251.426,601.7189,0.7184,2.204,5.2747
2022-04-04T00:00:00,82.9413,254.4417,608.9911,0.7271,2.2304,5.3384
2022-04-05T00:00:00,81.7078,250.6637,599.9582,0.7163,2.1973,5.2592
2022-04-06T00:00:00,81.7191,250.7131,600.0427,0.7163,2.1978,5.26
2022-04-07T00:00:00,81.8412,251.1086,600.9354,0.7174,2.2012,5.2678
2022-04-08T00:00:00,81.7654,250.8975,600.3841,0.7168,2.1994,5.263
2022-04-09T00:00:00,81.7908,250.985,600.5522,0.717,2.2001,5.2644
2022-04-10T00:00:00,81.8808,251.2653,601.1854,0.7178,2.2026,5.27
2022-04-11T00:00:00,80.6291,247.4365,591.9738,0.7068,2.169,5.1892
2022-04-12T00:00:00,78.1129,239.7495,573.5407,0.6847,2.1016,5.0277
2022-04-13T00:00:00,79.3324,243.5027,582.5374,0.6954,2.1345,5.1065
2022-04-14T00:00:00,79.6893,244.5994,585.172,0.6986,2.1442,5.1296
2022-04-15T00:00:00,80.1668,246.0611,588.6848,0.7027,2.157,5.1604
2022-04-16T00:00:00,80.6081,247.4133,591.9349,0.7066,2.1688,5.1889
2022-04-17T00:00:00,81.0828,248.8771,595.4517,0.7108,2.1817,5.2197
2022-04-18T00:00:00,81.6486,250.6115,599.6242,0.7157,2.1969,5.2563
2022-04-19T00:00:00,83.6934,256.8487,614.5768,0.7337,2.2515,5.3874
2022-04-20T00:00:00,82.8389,254.2187,608.2714,0.7262,2.2285,5.3321
2022-04-21T00:00:00,83.0872,254.9788,610.0941,0.7283,2.2351,5.3481
2022-04-22T00:00:00,83.3764,255.8677,612.2211,0.7309,2.2429,5.3667
2022-04-23T00:00:00,83.5539,256.4095,613.5161,0.7324,2.2477,5.3781
2022-04-24T00:00:00,83.666,256.7513,614.3297,0.7334,2.2507,5.3852
2022-04-25T00:00:00,83.8032,257.1762,615.3399,0.7346,2.2544,5.3941
2022-04-26T00:00:00,83.9643,257.6867,616.5494,0.736,2.2589,5.4047
2022-04-27T00:00:00,84.1644,258.3055,618.0213,0.7378,2.2643,5.4176
2022-04-28T00:00:00,84.1358,258.2131,617.7875,0.7375,2.2635,5.4155
2022-04-29T00:00:00,84.138,258.2179,617.7889,0.7376,2.2635,5.4155
2022-04-30T00:00:00,84.3358,258.8289,619.2411,0.7393,2.2689,5.4283
2022-05-01T00:00:00,84.4385,259.1464,619.9946,0.7402,2.2717,5.4349
2022-05-02T00:00:00,84.6288,259.7331,621.3913,0.7419,2.2768,5.4471
2022-05-03T00:00:00,84.6622,259.8279,621.6145,0.7421,2.2777,5.4491
2022-05-04T00:00:00,84.6874,259.9103,621.8001,0.7424,2.2784,5.4507
2022-05-05T00:00:00,85.2087,261.518,625.6438,0.7469,2.2925,5.4844
2022-05-06T00:00:00,85.7605,263.2209,629.7107,0.7518,2.3074,5.52
2022-05-07T00:00:00,86.1295,264.3657,632.4411,0.755,2.3174,5.544
2022-05-08T00:00:00,86.5677,265.719,635.6696,0.7589,2.3293,5.5723
2022-05-09T00:00:00,86.832,266.5359,637.6107,0.7612,2.3365,5.5893
2022-05-10T00:00:00,87.203,267.6844,640.3497,0.7644,2.3465,5.6133
2022-05-11T00:00:00,88.4953,271.6434,649.838,0.7757,2.3812,5.6965
2022-05-12T00:00:00,87.942,269.9731,645.813,0.7709,2.3666,5.6612
2022-05-13T00:00:00,86.7653,266.3448,637.1338,0.7606,2.3348,5.5851
2022-05-14T00:00:00,85.6503,262.9055,628.9096,0.7508,2.3046,5.513
2022-05-15T00:00:00,84.5227,259.4291,620.5972,0.7409,2.2742,5.4402
2022-05-16T00:00:00,83.4517,256.1252,612.703,0.7315,2.2452,5.371
2022-05-17T00:00:00,84.4698,259.2682,620.2226,0.7405,2.2727,5.4369
2022-05-18T00:00:00,83.8324,257.3205,615.5756,0.7349,2.2557,5.3961
2022-05-19T00:00:00,84.3326,258.8286,619.2288,0.7393,2.2689,5.4282
2022-05-20T00:00:00,85.6519,262.8868,628.9603,0.7508,2.3045,5.5135
2022-05-21T00:00:00,87.0435,267.1691,639.2293,0.763,2.342,5.6035
2022-05-22T00:00:00,88.072,270.3368,646.8233,0.772,2.3698,5.6701
2022-05-23T00:00:00,89.3363,274.2255,656.1464,0.7831,2.4039,5.7518
2022-05-24T00:00:00,88.3649,271.2214,648.9778,0.7746,2.3775,5.6889
2022-05-25T00:00:00,88.0284,270.1879,646.4904,0.7717,2.3685,5.6671
2022-05-26T00:00:00,88.2116,270.7522,647.8359,0.7733,2.3734,5.6789
2022-05-27T00:00:00,91.8221,281.7933,674.3123,0.8049,2.4702,5.911
2022-05-28T00:00:00,89.3658,274.2436,656.2928,0.7834,2.404,5.7531
2022-05-29T00:00:00,87.4524,268.3664,642.2758,0.7666,2.3525,5.6302
2022-05-30T00:00:00,85.562,262.5668,628.4268,0.75,2.3017,5.5088
2022-05-31T00:00:00,85.5655,262.587,628.498,0.7501,2.3018,5.5094
2022-06-01T00:00:00,84.0266,257.8591,617.2377,0.7366,2.2604,5.4107
2022-06-02T00:00:00,83.9431,257.6051,616.6683,0.7358,2.2582,5.4057
2022-06-03T00:00:00,78.8973,242.1449,579.6779,0.6916,2.1226,5.0815
2022-06-04T00:00:00,79.8359,245.0234,586.5584,0.6998,2.1479,5.1418
2022-06-05T00:00:00,80.9113,248.3232,594.4484,0.7093,2.1768,5.2109
2022-06-06T00:00:00,81.6103,250.4684,599.5837,0.7154,2.1956,5.256
2022-06-07T00:00:00,80.437,246.8563,590.9415,0.7051,2.1639,5.1802
2022-06-08T00:00:00,81.008,248.612,595.1168,0.7101,2.1793,5.2168
2022-06-09T00:00:00,80.4061,246.7566,590.6626,0.7048,2.1631,5.1777
2022-06-10T00:00:00,81.1127,248.9404,595.834,0.711,2.1822,5.2231
2022-06-11T00:00:00,82.1182,252.0342,603.2035,0.7198,2.2093,5.2877
2022-06-12T00:00:00,82.8018,254.1304,608.1846,0.7258,2.2277,5.3313
2022-06-13T00:00:00,83.5512,256.4314,613.6578,0.7324,2.2479,5.3793
2022-06-14T00:00:00,84.6612,259.8438,621.8002,0.7421,2.2778,5.4507
2022-06-15T00:00:00,85.4323,262.2094,627.4299,0.7489,2.2985,5.5001
2022-06-16T00:00:00,85.9625,263.843,631.3072,0.7535,2.3128,5.534
2022-06-17T00:00:00,86.7537,266.2771,637.1047,0.7605,2.3342,5.5849
2022-06-18T00:00:00,87.2321,267.756,640.609,0.7647,2.3471,5.6156
2022-06-19T00:00:00,87.8392,269.6392,645.0779,0.77,2.3637,5.6548
2022-06-20T00:00:00,88.4972,271.6671,649.8967,0.7758,2.3814,5.697
2022-06-21T00:00:00,88.7896,272.5683,652.0198,0.7783,2.3893,5.7156
2022-06-22T00:00:00,89.3213,274.2097,655.9158,0.783,2.4037,5.7498
2022-06-23T00:00:00,89.6689,275.2758,658.4332,0.786,2.4131,5.7718
2022-06-24T00:00:00,89.6251,275.1399,658.0744,0.7857,2.4119,5.7687
2022-06-25T00:00:00,89.6522,275.2214,658.241,0.7859,2.4126,5.7701
2022-06-26T00:00:00,89.5546,274.9152,657.4887,0.785,2.4099,5.7635
2022-06-27T00:00:00,89.7979,275.6672,659.2712,0.7872,2.4165,5.7792
2022-06-28T00:00:00,89.9864,276.2545,660.6551,0.7888,2.4216,5.7913
2022-06-29T00:00:00,90.2299,277.012,662.4493,0.791,2.4283,5.807
2022-06-30T00:00:00,90.5568,278.0293,664.8737,0.7938,2.4372,5.8283
2022-07-01T00:00:00,90.7636,278.6745,666.4113,0.7956,2.4429,5.8418
2022-07-02T00:00:00,90.9191,279.1595,667.5679,0.797,2.4471,5.8519
2022-07-03T00:00:00,91.0803,279.6627,668.7665,0.7984,2.4515,5.8624
2022-07-04T00:00:00,90.9225,279.1685,667.5813,0.797,2.4472,5.852
2022-07-05T00:00:00,91.0385,279.5276,668.4423,0.798,2.4503,5.8596
2022-07-06T00:00:00,90.9253,279.1757,667.6013,0.7971,2.4473,5.8522
2022-07-07T00:00:00,90.7752,278.7091,666.4853,0.7957,2.4432,5.8424
2022-07-08T00:00:00,90.7089,278.4969,665.9794,0.7952,2.4413,5.838
2022-07-09T00:00:00,90.9803,279.3288,667.9745,0.7975,2.4486,5.8555
2022-07-10T00:00:00,91.1791,279.9367,669.4332,0.7993,2.4539,5.8683
2022-07-11T00:00:00,91.1494,279.8515,669.2243,0.799,2.4532,5.8664
2022-07-12T00:00:00,90.8975,279.0647,667.3387,0.7968,2.4463,5.8499
2022-07-13T00:00:00,90.8698,278.9768,667.1242,0.7966,2.4455,5.848
2022-07-14T00:00:00,90.7727,278.6781,666.4014,0.7957,2.4429,5.8417
2022-07-15T00:00:00,90.9353,279.1821,667.6009,0.7971,2.4473,5.8522
2022-07-16T00:00:00,89.622,275.1807,657.9863,0.7856,2.4122,5.7679
2022-07-17T00:00:00,88.1687,270.7528,647.3478,0.7729,2.3734,5.6747
2022-07-18T00:00:00,87.0176,267.2563,638.942,0.7628,2.3428,5.601
2022-07-19T00:00:00,85.8465,263.7016,630.3926,0.7525,2.3116,5.526
2022-07-20T00:00:00,84.3906,259.2706,619.748,0.7398,2.2728,5.4327
2022-07-21T00:00:00,83.0962,255.3346,610.292,0.7284,2.2383,5.3498
2022-07-22T00:00:00,81.8339,251.4931,601.065,0.7174,2.2046,5.2689
2022-07-23T00:00:00,81.5099,250.5103,598.7023,0.7145,2.196,5.2482
2022-07-24T00:00:00,80.9916,248.9387,594.9263,0.71,2.1822,5.2151
2022-07-25T00:00:00,80.5267,247.5251,591.5294,0.7059,2.1698,5.1853
2022-07-26T00:00:00,80.1484,246.3761,588.7746,0.7026,2.1597,5.1612
2022-07-27T00:00:00,79.9827,245.876,587.5736,0.7011,2.1553,5.1507
2022-07-28T00:00:00,80.0076,245.9597,587.7693,0.7013,2.1561,5.1524
2022-07-29T00:00:00,79.3357,243.9127,582.8495,0.6955,2.1381,5.1093
2022-07-30T00:00:00,78.9906,242.8609,580.3186,0.6924,2.1289,5.0871
2022-07-31T00:00:00,79.1496,243.3415,581.4672,0.6938,2.1331,5.0971
2022-08-01T00:00:00,79.2613,243.6835,582.2847,0.6948,2.1361,5.1043
2022-08-02T00:00:00,79.3982,244.1027,583.2798,0.696,2.1398,5.113
2022-08-03T00:00:00,79.4596,244.2887,583.7134,0.6965,2.1414,5.1168
2022-08-04T00:00:00,79.3338,243.9057,582.7833,0.6954,2.1381,5.1087
2022-08-05T00:00:00,79.8083,245.3597,586.2559,0.6996,2.1508,5.1391
2022-08-06T00:00:00,80.2594,246.7471,589.5665,0.7036,2.163,5.1681
2022-08-07T00:00:00,80.6951,248.0876,592.7622,0.7074,2.1747,5.1962
2022-08-08T00:00:00,81.0009,249.025,594.9911,0.7101,2.183,5.2157
2022-08-09T00:00:00,81.295,249.9326,597.1494,0.7126,2.1909,5.2346
2022-08-10T00:00:00,81.5597,250.7557,599.1047,0.715,2.1981,5.2518
2022-08-11T00:00:00,81.9465,251.9539,601.9568,0.7183,2.2086,5.2768
2022-08-12T00:00:00,82.3082,253.0797,604.6381,0.7215,2.2185,5.3003
2022-08-13T00:00:00,82.5593,253.8587,606.486,0.7237,2.2253,5.3165
2022-08-14T00:00:00,82.8427,254.7373,608.5754,0.7262,2.233,5.3348
2022-08-15T00:00:00,83.0704,255.4355,610.2348,0.7282,2.2391,5.3493
2022-08-16T00:00:00,83.2243,255.908,611.3521,0.7295,2.2433,5.3591
2022-08-17T00:00:00,83.4538,256.6126,613.0262,0.7316,2.2495,5.3738
2022-08-18T00:00:00,82.7692,254.4919,607.9745,0.7256,2.2309,5.3295
2022-08-19T00:00:00,81.9528,251.949,601.9063,0.7184,2.2086,5.2763
2022-08-20T00:00:00,82.4736,253.5357,605.7316,0.723,2.2225,5.3098
2022-08-21T00:00:00,81.3615,250.081,597.5683,0.7132,2.1922,5.2383
2022-08-22T00:00:00,79.6002,244.632,584.6695,0.6978,2.1444,5.1252
2022-08-23T00:00:00,78.9199,242.5316,579.7564,0.6918,2.126,5.0821
2022-08-24T00:00:00,78.046,239.8217,573.3691,0.6842,2.1023,5.0262
2022-08-25T00:00:00,78.5426,241.3551,577.0841,0.6885,2.1157,5.0587
2022-08-26T00:00:00,79.0305,242.8729,580.7601,0.6928,2.129,5.0909
2022-08-27T00:00:00,78.4829,241.1904,576.7597,0.688,2.1143,5.0559
2022-08-28T00:00:00,79.5551,244.5279,584.6725,0.6974,2.1435,5.1252
2022-08-29T00:00:00,81.5542,250.7238,599.3752,0.7149,2.1978,5.2541
2022-08-30T00:00:00,82.5049,253.662,606.3155,0.7232,2.2236,5.315
2022-08-31T00:00:00,83.5489,256.8916,613.9569,0.7324,2.2519,5.3819
2022-09-01T00:00:00,84.432,259.6197,620.4096,0.7401,2.2758,5.4385
2022-09-02T00:00:00,85.6386,263.3351,629.2339,0.7507,2.3084,5.5159
2022-09-03T00:00:00,87.1477,267.9809,640.2668,0.7639,2.3491,5.6126
2022-09-04T00:00:00,88.5238,272.2107,650.3058,0.776,2.3862,5.7006
2022-09-05T00:00:00,89.508,275.2456,657.4401,0.7846,2.4128,5.7631
2022-09-06T00:00:00,92.6458,284.8781,680.3553,0.8121,2.4972,5.964
2022-09-07T00:00:00,93.2685,286.8437,684.8755,0.8176,2.5145,6.0036
2022-09-08T00:00:00,92.2956,283.8712,677.6691,0.8091,2.4884,5.9404
2022-09-09T00:00:00,89.7504,276.0484,658.9487,0.7868,2.4198,5.7763
2022-09-10T00:00:00,86.273,265.3471,633.3761,0.7563,2.326,5.5522
2022-09-11T00:00:00,82.8448,254.7853,608.1575,0.7262,2.2334,5.3311
2022-09-12T00:00:00,79.4646,244.3542,583.3047,0.6966,2.142,5.1132
2022-09-13T00:00:00,74.744,229.8232,548.6243,0.6552,2.0146,4.8092
2022-09-14T00:00:00,75.2328,231.2194,551.9723,0.6595,2.0269,4.8386
2022-09-15T00:00:00,72.9389,224.1478,534.9221,0.6394,1.9649,4.6891
2022-09-16T00:00:00,72.9636,224.1905,535.1117,0.6396,1.9653,4.6908
2022-09-17T00:00:00,76.0155,233.5657,557.5382,0.6664,2.0474,4.8874
2022-09-18T00:00:00,78.7138,241.8634,577.3687,0.69,2.1202,5.0612
2022-09-19T00:00:00,81.728,251.1397,599.521,0.7164,2.2015,5.2554
2022-09-20T00:00:00,82.9529,254.9138,608.5756,0.7272,2.2346,5.3348
2022-09-21T00:00:00,83.0518,255.2649,609.5215,0.728,2.2377,5.3431
2022-09-22T00:00:00,86.9007,267.0791,637.9443,0.7618,2.3412,5.5922
2022-09-23T00:00:00,89.4583,274.9588,656.6848,0.7842,2.4103,5.7565
2022-09-24T00:00:00,90.0185,276.6994,660.7413,0.7891,2.4255,5.7921
2022-09-25T00:00:00,90.943,279.546,667.5062,0.7972,2.4505,5.8514
2022-09-26T00:00:00,92.4404,284.1655,678.4989,0.8103,2.491,5.9477
2022-09-27T00:00:00,94.5531,290.6796,693.9708,0.8289,2.5481,6.0833
2022-09-28T00:00:00,95.4335,293.3956,700.4114,0.8366,2.5719,6.1398
2022-09-29T00:00:00,96.4287,296.4788,707.6985,0.8453,2.5989,6.2037
2022-09-30T00:00:00,97.9013,301.0197,718.4773,0.8582,2.6387,6.2982
2022-10-01T00:00:00,99.2427,305.1501,728.3259,0.87,2.6749,6.3845
2022-10-02T00:00:00,100.4511,308.8822,737.177,0.8806,2.7077,6.4621
2022-10-03T00:00:00,101.2365,311.305,742.9153,0.8874,2.7289,6.5124
2022-10-04T00:00:00,102.1431,314.1072,749.562,0.8954,2.7535,6.5707
2022-10-05T00:00:00,102.7298,315.9229,753.8604,0.9005,2.7694,6.6083
2022-10-06T00:00:00,104.9143,322.6439,769.9182,0.9197,2.8283,6.7491
2022-10-07T00:00:00,106.1292,326.4014,778.822,0.9303,2.8612,6.8272
2022-10-08T00:00:00,108.0245,332.2401,792.7234,0.9469,2.9124,6.949
2022-10-09T00:00:00,109.4952,336.7832,803.5066,0.9598,2.9522,7.0435
2022-10-10T00:00:00,109.4434,336.63,803.1188,0.9594,2.9509,7.0401
2022-10-11T00:00:00,109.8267,337.8095,805.9432,0.9627,2.9612,7.0649
2022-10-12T00:00:00,110.045,338.4821,807.5575,0.9647,2.9671,7.079
2022-10-13T00:00:00,107.0049,329.1395,785.2198,0.938,2.8852,6.8832
2022-10-14T00:00:00,106.4033,327.2883,780.8327,0.9327,2.869,6.8448
2022-10-15T00:00:00,104.3555,320.9952,765.8189,0.9148,2.8138,6.7132
2022-10-16T00:00:00,103.0212,316.8886,756.0433,0.9031,2.7778,6.6275
2022-10-17T00:00:00,102.6916,315.8805,753.6302,0.9002,2.769,6.6063
2022-10-18T00:00:00,102.4772,315.2309,752.0623,0.8983,2.7633,6.5926
2022-10-19T00:00:00,102.0802,314.0225,749.1592,0.8948,2.7527,6.5671
2022-10-20T00:00:00,103.4843,318.3467,759.5072,0.9071,2.7906,6.6578
2022-10-21T00:00:00,103.7903,319.298,761.7557,0.9098,2.799,6.6776
2022-10-22T00:00:00,104.4923,321.4747,766.9388,0.916,2.818,6.723
2022-10-23T00:00:00,103.5797,318.6576,760.2636,0.908,2.7934,6.6645
2022-10-24T00:00:00,102.6699,315.8508,753.6284,0.9,2.7687,6.6063
2022-10-25T00:00:00,101.4444,312.0741,744.6562,0.8893,2.7356,6.5277
2022-10-26T00:00:00,100.2909,308.5149,736.202,0.8791,2.7044,6.4535
2022-10-27T00:00:00,99.9538,307.47,733.7139,0.8762,2.6953,6.4317
2022-10-28T00:00:00,99.0735,304.7542,727.2498,0.8685,2.6715,6.3751
2022-10-29T00:00:00,98.1641,301.9395,720.5363,0.8605,2.6468,6.3162
2022-10-30T00:00:00,98.4996,302.9779,722.9687,0.8634,2.6559,6.3375
2022-10-31T00:00:00,99.2654,305.3357,728.5348,0.8702,2.6766,6.3863
2022-11-01T00:00:00,100.1504,308.0649,734.9937,0.8779,2.7005,6.443
2022-11-02T00:00:00,101.4508,312.0828,744.5137,0.8893,2.7357,6.5264
2022-11-03T00:00:00,101.9641,313.6846,748.2743,0.8938,2.7498,6.5594
2022-11-04T00:00:00,102.3179,314.7986,750.8648,0.8969,2.7595,6.5821
2022-11-05T00:00:00,103.1074,317.2638,756.6936,0.9038,2.7811,6.6332
2022-11-06T00:00:00,102.8599,316.5658,754.9134,0.9017,2.775,6.6176
2022-11-07T00:00:00,102.2652,314.8037,750.5954,0.8965,2.7596,6.5797
2022-11-08T00:00:00,101.9046,313.7599,747.9857,0.8933,2.7504,6.5568
2022-11-09T00:00:00,101.2737,311.8755,743.385,0.8878,2.7339,6.5165
2022-11-10T00:00:00,100.2726,308.8441,736.0732,0.879,2.7073,6.4524
2022-11-11T00:00:00,99.8953,307.7255,733.3272,0.8757,2.6975,6.4283
2022-11-12T00:00:00,98.5511,303.6167,723.4552,0.8639,2.6615,6.3418
2022-11-13T00:00:00,98.6279,303.8492,724.0168,0.8646,2.6635,6.3467
2022-11-14T00:00:00,100.3791,309.2431,736.8787,0.8799,2.7108,6.4595
2022-11-15T00:00:00,102.2913,315.1399,750.9203,0.8967,2.7625,6.5826
2022-11-16T00:00:00,102.1861,314.8099,750.1329,0.8958,2.7596,6.5757
2022-11-17T00:00:00,103.0784,317.5513,756.6464,0.9036,2.7837,6.6328
2022-11-18T00:00:00,103.5401,318.97,760.0118,0.9076,2.7961,6.6623
2022-11-19T00:00:00,104.3298,321.4261,765.8056,0.9146,2.8176,6.7131
2022-11-20T00:00:00,104.9075,323.2307,770.0284,0.9196,2.8334,6.7501
2022-11-21T00:00:00,104.209,321.0973,764.8642,0.9135,2.8147,6.7048
2022-11-22T00:00:00,103.2479,318.1491,757.7877,0.9051,2.7889,6.6428
2022-11-23T00:00:00,103.7927,319.8619,761.7917,0.9098,2.8039,6.6779
2022-11-24T00:00:00,104.0725,320.7491,763.8479,0.9123,2.8117,6.6959
2022-11-25T00:00:00,103.5974,319.3237,760.364,0.9081,2.7992,6.6654
2022-11-26T00:00:00,103.4263,318.8112,759.0962,0.9066,2.7947,6.6542
2022-11-27T00:00:00,103.0062,317.5325,756.0055,0.903,2.7835,6.6271
2022-11-28T00:00:00,102.5951,316.2838,752.9938,0.8993,2.7725,6.6007
2022-11-29T00:00:00,101.393,312.6054,744.1732,0.8888,2.7403,6.5234
2022-11-30T00:00:00,101.2972,312.3218,743.4691,0.888,2.7378,6.5173
2022-12-01T00:00:00,100.3373,309.3898,736.4355,0.8796,2.7121,6.4556
2022-12-02T00:00:00,100.3972,309.5859,736.894,0.8801,2.7138,6.4596
2022-12-03T00:00:00,99.6098,307.1865,731.1421,0.8732,2.6928,6.4092
2022-12-04T00:00:00,99.1726,305.8621,727.9559,0.8693,2.6812,6.3813
2022-12-05T00:00:00,98.5176,303.8679,723.1773,0.8636,2.6637,6.3394
2022-12-06T00:00:00,98.4385,303.6365,722.6177,0.8629,2.6617,6.3345
2022-12-07T00:00:00,97.8767,301.926,718.5137,0.858,2.6467,6.2985
2022-12-08T00:00:00,97.7256,301.4722,717.4131,0.8567,2.6427,6.2888
2022-12-09T00:00:00,97.8424,301.8409,718.2725,0.8577,2.6459,6.2964
2022-12-10T00:00:00,97.932,302.1198,718.9324,0.8585,2.6484,6.3022
2022-12-11T00:00:00,97.9889,302.2989,719.3523,0.859,2.65,6.3058
2022-12-12T00:00:00,98.4669,303.7729,722.8553,0.8632,2.6629,6.3365
2022-12-13T00:00:00,98.3692,303.4713,722.1211,0.8623,2.6602,6.3301
2022-12-14T00:00:00,98.9139,305.1524,726.1225,0.8671,2.675,6.3652
2022-12-15T00:00:00,99.1692,305.9416,727.999,0.8693,2.6819,6.3816
2022-12-16T00:00:00,98.9051,305.1356,726.0639,0.867,2.6748,6.3647
2022-12-17T00:00:00,99.3019,306.3652,728.9862,0.8705,2.6856,6.3903
2022-12-18T00:00:00,99.5531,307.1511,730.8428,0.8727,2.6925,6.4066
2022-12-19T00:00:00,99.8352,308.0335,732.9306,0.8752,2.7002,6.4249
2022-12-20T00:00:00,100.0866,308.8152,734.7812,0.8774,2.7071,6.4411
2022-12-21T00:00:00,99.6244,307.394,731.3771,0.8733,2.6946,6.4113
2022-12-22T00:00:00,100.0507,308.7151,734.5182,0.877,2.7062,6.4388
2022-12-23T00:00:00,99.8953,308.2353,733.3816,0.8757,2.702,6.4288
2022-12-24T00:00:00,99.6835,307.5749,731.8182,0.8738,2.6962,6.4151
2022-12-25T00:00:00,100.6841,310.6581,739.1608,0.8826,2.7232,6.4795
2022-12-26T00:00:00,98.6362,304.321,724.1441,0.8646,2.6677,6.3478
2022-12-27T00:00:00,97.0774,299.5007,712.7416,0.851,2.6254,6.2479
2022-12-28T00:00:00,96.8544,298.807,711.1372,0.849,2.6193,6.2338
2022-12-29T00:00:00,94.3725,291.1399,692.9103,0.8273,2.5521,6.0741
2022-12-30T00:00:00,94.0853,290.2508,690.8053,0.8248,2.5443,6.0556
2022-12-31T00:00:00,93.8201,289.4313,688.8647,0.8224,2.5372,6.0386
2023-01-01T00:00:00,92.45,285.1956,678.8061,0.8104,2.5,5.9504
2023-01-02T00:00:00,94.1211,290.3618,691.0647,0.8251,2.5453,6.0579
2023-01-03T00:00:00,95.8365,295.6631,703.6473,0.8401,2.5918,6.1682
2023-01-04T00:00:00,96.092,296.4485,705.4971,0.8423,2.5987,6.1844
2023-01-05T00:00:00,97.8274,301.8041,718.2344,0.8576,2.6456,6.296
2023-01-06T00:00:00,97.8739,301.9496,718.5712,0.858,2.6469,6.299
2023-01-07T00:00:00,98.4262,303.6569,722.6358,0.8628,2.6619,6.3346
2023-01-08T00:00:00,98.9719,305.345,726.6528,0.8676,2.6767,6.3698
2023-01-09T00:00:00,98.923,305.1916,726.2767,0.8672,2.6753,6.3665
2023-01-10T00:00:00,98.6456,304.3343,724.2264,0.8647,2.6678,6.3486
2023-01-11T00:00:00,97.9278,302.128,718.9723,0.8584,2.6485,6.3025
2023-01-12T00:00:00,98.2756,303.2182,721.5608,0.8615,2.658,6.3252
2023-01-13T00:00:00,98.5398,304.0447,723.5217,0.8638,2.6653,6.3424
2023-01-14T00:00:00,98.285,303.2668,721.6564,0.8616,2.6584,6.326
2023-01-15T00:00:00,97.8734,302.0056,718.6362,0.858,2.6474,6.2996
2023-01-16T00:00:00,97.0099,299.345,712.3123,0.8504,2.6241,6.2441
2023-01-17T00:00:00,95.2261,293.8349,699.2295,0.8348,2.5758,6.1294
2023-01-18T00:00:00,93.4182,288.2479,685.9808,0.8189,2.5268,6.0133
2023-01-19T00:00:00,93.1206,287.3122,683.7845,0.8163,2.5186,5.9941
2023-01-20T00:00:00,91.877,283.4629,674.6474,0.8054,2.4848,5.914
2023-01-21T00:00:00,90.6142,279.553,665.3681,0.7943,2.4506,5.8326
2023-01-22T00:00:00,89.3664,275.6896,656.2022,0.7834,2.4167,5.7523
2023-01-23T00:00:00,88.5055,273.0284,649.8759,0.7758,2.3934,5.6968
2023-01-24T00:00:00,88.4711,272.9235,649.6242,0.7755,2.3924,5.6946
2023-01-25T00:00:00,90.4149,278.9233,663.8848,0.7926,2.445,5.8196
2023-01-26T00:00:00,90.2585,278.4411,662.7287,0.7912,2.4408,5.8095
2023-01-27T00:00:00,90.9205,280.4853,667.5898,0.797,2.4587,5.8521
2023-01-28T00:00:00,91.54,282.4013,672.1422,0.8024,2.4755,5.892
2023-01-29T00:00:00,92.3606,284.9357,678.1703,0.8096,2.4977,5.9448
2023-01-30T00:00:00,93.1519,287.3827,683.9803,0.8166,2.5192,5.9958
2023-01-31T00:00:00,94.0218,290.0751,690.3567,0.8242,2.5428,6.0517
2023-02-01T00:00:00,94.7788,292.4196,695.9181,0.8308,2.5633,6.1004
2023-02-02T00:00:00,95.2759,293.9617,699.5834,0.8352,2.5769,6.1325
2023-02-03T00:00:00,95.7596,295.4505,703.1248,0.8394,2.5899,6.1636
2023-02-04T00:00:00,95.8645,295.7656,703.8856,0.8403,2.5927,6.1703
2023-02-05T00:00:00,95.8099,295.5913,703.4731,0.8399,2.5912,6.1666
2023-02-06T00:00:00,95.7805,295.4927,703.2477,0.8396,2.5903,6.1647
2023-02-07T00:00:00,95.8829,295.8008,703.9988,0.8405,2.593,6.1713
2023-02-08T00:00:00,96.0045,296.1667,704.877,0.8416,2.5962,6.179
2023-02-09T00:00:00,96.1142,296.4959,705.6667,0.8425,2.5991,6.1859
2023-02-10T00:00:00,96.1761,296.6817,706.1179,0.8431,2.6007,6.1898
2023-02-11T00:00:00,96.5569,297.8553,708.9075,0.8464,2.611,6.2143
2023-02-12T00:00:00,96.5039,297.688,708.5251,0.846,2.6095,6.2109
2023-02-13T00:00:00,96.5804,297.9218,709.096,0.8466,2.6116,6.2159
2023-02-14T00:00:00,96.561,297.8591,708.9546,0.8465,2.611,6.2147
2023-02-15T00:00:00,95.3029,293.9738,699.712,0.8354,2.577,6.1337
2023-02-16T00:00:00,95.3867,294.2292,700.3229,0.8362,2.5792,6.139
2023-02-17T00:00:00,95.8192,295.5659,703.5071,0.84,2.5909,6.1669
2023-02-18T00:00:00,96.3514,297.2066,707.4134,0.8446,2.6053,6.2012
2023-02-19T00:00:00,96.8347,298.6949,710.95,0.8489,2.6184,6.2322
2023-02-20T00:00:00,97.1241,299.5828,713.0631,0.8514,2.6261,6.2507
2023-02-21T00:00:00,97.4485,300.5791,715.4357,0.8542,2.6349,6.2715
2023-02-22T00:00:00,97.7934,301.6372,717.965,0.8573,2.6442,6.2937
2023-02-23T00:00:00,96.336,297.1363,707.2554,0.8445,2.6047,6.1998
2023-02-24T00:00:00,95.1121,293.3549,698.2643,0.8338,2.5715,6.121
2023-02-25T00:00:00,95.0986,293.3128,698.1743,0.8336,2.5712,6.1202
2023-02-26T00:00:00,95.5911,294.8323,701.7939,0.838,2.5845,6.1519
2023-02-27T00:00:00,95.6233,294.9275,702.039,0.8382,2.5853,6.1541
2023-02-28T00:00:00,95.7472,295.3059,702.956,0.8393,2.5887,6.1621
2023-03-01T00:00:00,95.7001,295.156,702.6132,0.8389,2.5873,6.1591
2023-03-02T00:00:00,96.0736,296.3,705.3582,0.8422,2.5974,6.1832
2023-03-03T00:00:00,97.6218,301.0653,716.7193,0.8558,2.6391,6.2828
2023-03-04T00:00:00,97.8531,301.7669,718.4074,0.8578,2.6453,6.2976
2023-03-05T00:00:00,98.0131,302.252,719.5789,0.8592,2.6495,6.3078
2023-03-06T00:00:00,110.9909,342.0983,814.9477,0.9729,2.9988,7.1438
2023-03-07T00:00:00,124.7277,384.2844,915.9179,1.0934,3.3686,8.0289
2023-03-08T00:00:00,138.9804,428.0702,1020.6883,1.2183,3.7525,8.9474
2023-03-09T00:00:00,153.9528,474.062,1130.7496,1.3496,4.1556,9.9122
2023-03-10T00:00:00,167.8223,516.6501,1232.7124,1.4711,4.529,10.806
2023-03-11T00:00:00,182.1756,560.7344,1338.2489,1.597,4.9154,11.7311
2023-03-12T00:00:00,197.0482,606.4291,1447.6183,1.7273,5.316,12.6898
2023-03-13T00:00:00,199.8637,615.1062,1468.3502,1.752,5.392,12.8716
2023-03-14T00:00:00,202.8164,624.2102,1490.0629,1.7779,5.4718,13.0619
2023-03-15T00:00:00,205.0825,631.1867,1506.7319,1.7978,5.533,13.208
2023-03-16T00:00:00,206.6973,636.1674,1518.5991,1.8119,5.5766,13.312
2023-03-17T00:00:00,208.0221,640.2685,1528.3764,1.8235,5.6126,13.3977
2023-03-18T00:00:00,209.67,645.3379,1540.4668,1.838,5.657,13.5037
2023-03-19T00:00:00,210.8549,648.9879,1549.1795,1.8484,5.689,13.5801
2023-03-20T00:00:00,212.2338,653.2381,1559.3163,1.8604,5.7263,13.669
2023-03-21T00:00:00,213.4147,656.8552,1567.9849,1.8708,5.758,13.745
2023-03-22T00:00:00,215.1799,662.2916,1580.9736,1.8863,5.8056,13.8588
2023-03-23T00:00:00,217.2409,668.6483,1596.1845,1.9043,5.8614,13.9922
2023-03-24T00:00:00,219.4358,675.393,1612.3181,1.9236,5.9205,14.1336
2023-03-25T00:00:00,221.456,681.6312,1627.242,1.9413,5.9752,14.2644
2023-03-26T00:00:00,223.3678,687.507,1641.3037,1.958,6.0267,14.3877
2023-03-27T00:00:00,224.8883,692.194,1652.5336,1.9714,6.0678,14.4861
2023-03-28T00:00:00,226.0626,695.8216,1661.2117,1.9817,6.0996,14.5622
2023-03-29T00:00:00,227.8599,701.3498,1674.4369,1.9974,6.148,14.6781
2023-03-30T00:00:00,229.2413,705.5984,1684.5849,2.0095,6.1853,14.7671
2023-03-31T00:00:00,229.5462,706.5535,1686.8731,2.0122,6.1936,14.7871
2023-04-01T00:00:00,229.8053,707.3714,1688.8423,2.0145,6.2008,14.8044
2023-04-02T00:00:00,230.6497,709.9807,1695.1015,2.0219,6.2237,14.8593
2023-04-03T00:00:00,231.2604,711.8563,1699.5885,2.0272,6.2401,14.8986
2023-04-04T00:00:00,231.6796,713.1623,1702.7209,2.0309,6.2516,14.9261
2023-04-05T00:00:00,231.2194,711.784,1699.4347,2.0269,6.2395,14.8972
2023-04-06T00:00:00,231.2015,711.7511,1699.3803,2.0267,6.2392,14.8968
2023-04-07T00:00:00,232.6562,716.2278,1710.091,2.0395,6.2785,14.9907
2023-04-08T00:00:00,234.194,720.9614,1721.3961,2.0529,6.3199,15.0898
2023-04-09T00:00:00,236.0684,726.7617,1735.2222,2.0694,6.3708,15.211
2023-04-10T00:00:00,238.0818,732.982,1750.0692,2.087,6.4253,15.3411
2023-04-11T00:00:00,239.5164,737.4325,1760.6681,2.0996,6.4643,15.434
2023-04-12T00:00:00,241.7813,744.408,1777.3276,2.1195,6.5255,15.5801
2023-04-13T00:00:00,240.8518,741.5483,1770.4575,2.1113,6.5004,15.5198
2023-04-14T00:00:00,233.108,717.6768,1713.4876,2.0434,6.2912,15.0204
2023-04-15T00:00:00,225.6613,694.7116,1658.6821,1.9781,6.0898,14.54
2023-04-16T00:00:00,217.4093,669.2695,1597.9698,1.9058,5.8668,14.0078
2023-04-17T00:00:00,209.6048,645.2202,1540.5882,1.8374,5.656,13.5048
2023-04-18T00:00:00,203.6268,626.7721,1496.6008,1.785,5.4943,13.1192
2023-04-19T00:00:00,197.3132,607.3177,1450.1983,1.7296,5.3237,12.7124
2023-04-20T00:00:00,194.5284,598.743,1429.8014,1.7052,5.2486,12.5336
2023-04-21T00:00:00,198.6376,611.4368,1460.1211,1.7413,5.3599,12.7994
2023-04-22T00:00:00,201.7588,621.0915,1483.1883,1.7686,5.4445,13.0016
2023-04-23T00:00:00,205.0362,631.2298,1507.4056,1.7973,5.5334,13.2139
2023-04-24T00:00:00,209.3137,644.4332,1538.9553,1.8348,5.6491,13.4905
2023-04-25T00:00:00,211.9286,652.5136,1558.2621,1.8578,5.7199,13.6597
2023-04-26T00:00:00,214.9955,661.9809,1580.8587,1.8847,5.8029,13.8578
2023-04-27T00:00:00,217.2732,669.0351,1597.6908,1.9046,5.8648,14.0054
2023-04-28T00:00:00,218.8771,674.0038,1609.5414,1.9187,5.9083,14.1092
2023-04-29T00:00:00,221.0394,680.704,1625.5098,1.9376,5.9671,14.2492
2023-04-30T00:00:00,223.5064,688.3365,1643.724,1.9593,6.034,14.4089
2023-05-01T00:00:00,224.8411,692.5052,1653.6322,1.971,6.0705,14.4957
2023-05-02T00:00:00,226.9534,699.0612,1669.2762,1.9895,6.128,14.6329
2023-05-03T00:00:00,228.0126,702.3745,1677.1718,1.9988,6.157,14.7021
2023-05-04T00:00:00,228.8903,705.0938,1683.6473,2.0065,6.1809,14.7589
2023-05-05T00:00:00,229.8003,707.9263,1690.3904,2.0144,6.2057,14.818
2023-05-06T00:00:00,229.8533,708.1023,1690.8148,2.0149,6.2072,14.8217
2023-05-07T00:00:00,229.0598,705.6723,1685.0101,2.0079,6.1859,14.7708
2023-05-08T00:00:00,228.3957,703.6431,1680.1607,2.0021,6.1681,14.7283
2023-05-09T00:00:00,227.1326,699.7651,1670.8694,1.991,6.1341,14.6468
2023-05-10T00:00:00,225.7522,695.5069,1660.7113,1.9789,6.0968,14.5578
2023-05-11T00:00:00,224.2006,690.7448,1649.3698,1.9653,6.0551,14.4584
2023-05-12T00:00:00,225.2647,694.025,1657.235,1.9747,6.0838,14.5273
2023-05-13T00:00:00,227.5115,700.9257,1673.7754,1.9944,6.1443,14.6723
2023-05-14T00:00:00,230.668,710.62,1696.9754,2.022,6.2293,14.8757
2023-05-15T00:00:00,232.5647,716.4311,1710.9242,2.0387,6.2802,14.998
2023-05-16T00:00:00,234.9958,723.8912,1728.8446,2.06,6.3456,15.1551
2023-05-17T00:00:00,238.8593,735.7719,1757.3117,2.0938,6.4498,15.4046
2023-05-18T00:00:00,243.6315,750.4376,1792.468,2.1357,6.5783,15.7128
2023-05-19T00:00:00,245.6506,756.6335,1807.3873,2.1534,6.6326,15.8436
2023-05-20T00:00:00,246.0993,758.0236,1810.7863,2.1573,6.6448,15.8734
2023-05-21T00:00:00,246.7356,759.998,1815.5841,2.1629,6.6621,15.9154
2023-05-22T00:00:00,248.8472,766.5371,1831.2837,2.1814,6.7195,16.053
2023-05-23T00:00:00,250.1877,770.681,1841.2596,2.1931,6.7558,16.1405
2023-05-24T00:00:00,250.376,771.2691,1842.7086,2.1948,6.7609,16.1532
2023-05-25T00:00:00,250.4711,771.5728,1843.4371,2.1956,6.7636,16.1596
2023-05-26T00:00:00,250.4156,771.4384,1843.1256,2.1951,6.7624,16.1568
2023-05-27T00:00:00,250.2318,770.8878,1841.8091,2.1935,6.7576,16.1453
2023-05-28T00:00:00,249.3133,768.0764,1835.1033,2.1855,6.733,16.0865
2023-05-29T00:00:00,248.09,764.2894,1826.0584,2.1748,6.6998,16.0072
2023-05-30T00:00:00,246.3441,758.9263,1813.2187,2.1595,6.6527,15.8947
2023-05-31T00:00:00,245.1821,755.3396,1804.6532,2.1493,6.6213,15.8196
2023-06-01T00:00:00,243.4199,749.912,1791.6736,2.1338,6.5737,15.7058
2023-06-02T00:00:00,241.6762,744.5227,1778.7954,2.1185,6.5265,15.5929
2023-06-03T00:00:00,241.006,742.4404,1773.8313,2.1127,6.5082,15.5494
2023-06-04T00:00:00,240.8213,741.8512,1772.4444,2.111,6.5031,15.5372
2023-06-05T00:00:00,239.1574,736.6969,1760.1695,2.0965,6.4579,15.4296
2023-06-06T00:00:00,238.8659,735.7862,1758.0226,2.0939,6.4499,15.4108
2023-06-07T00:00:00,237.4195,731.3445,1747.4322,2.0812,6.411,15.318
2023-06-08T00:00:00,237.587,731.8771,1748.7272,2.0827,6.4156,15.3293
2023-06-09T00:00:00,237.806,732.5514,1750.4007,2.0846,6.4215,15.344
2023-06-10T00:00:00,236.6105,728.8929,1741.7156,2.0741,6.3895,15.2679
2023-06-11T00:00:00,235.2011,724.5543,1731.3935,2.0618,6.3514,15.1774
2023-06-12T00:00:00,236.1766,727.5828,1738.6655,2.0703,6.378,15.2411
2023-06-13T00:00:00,236.1557,727.52,1738.5541,2.0701,6.3774,15.2402
2023-06-14T00:00:00,236.811,729.5293,1743.3759,2.0759,6.3951,15.2824
2023-06-15T00:00:00,235.8192,726.4668,1736.0903,2.0672,6.3682,15.2186
2023-06-16T00:00:00,235.1792,724.4867,1731.3585,2.0616,6.3509,15.1771
2023-06-17T00:00:00,235.1397,724.3485,1731.0218,2.0612,6.3496,15.1741
2023-06-18T00:00:00,235.2947,724.8275,1732.1649,2.0626,6.3538,15.1842
2023-06-19T00:00:00,234.2103,721.4799,1724.1741,2.0531,6.3245,15.1141
2023-06-20T00:00:00,234.2198,721.5049,1724.2426,2.0532,6.3247,15.1147
2023-06-21T00:00:00,233.9443,720.6673,1722.2326,2.0508,6.3174,15.0971
2023-06-22T00:00:00,233.3137,718.7025,1717.5274,2.0452,6.3001,15.0558
2023-06-23T00:00:00,232.8891,717.412,1714.4375,2.0415,6.2888,15.0288
2023-06-24T00:00:00,233.2612,718.5573,1717.1914,2.0448,6.2989,15.0529
2023-06-25T00:00:00,234.6315,722.7594,1727.2679,2.0568,6.3357,15.1412
2023-06-26T00:00:00,235.8729,726.562,1736.3699,2.0677,6.369,15.221
2023-06-27T00:00:00,236.1606,727.4378,1738.4985,2.0702,6.3767,15.2397
2023-06-28T00:00:00,236.7219,729.1429,1742.6181,2.0751,6.3917,15.2758
2023-06-29T00:00:00,237.5091,731.5646,1748.4521,2.082,6.4129,15.3269
2023-06-30T00:00:00,239.3347,737.1759,1761.8931,2.098,6.4621,15.4448
2023-07-01T00:00:00,240.1313,739.6106,1767.7453,2.105,6.4834,15.4961
2023-07-02T00:00:00,239.237,736.8539,1761.1709,2.0972,6.4593,15.4384
2023-07-03T00:00:00,238.5901,734.8636,1756.4468,2.0915,6.4418,15.397
2023-07-04T00:00:00,237.8962,732.7161,1751.3053,2.0854,6.423,15.3519
2023-07-05T00:00:00,237.0099,730.004,1744.8308,2.0776,6.3992,15.2952
2023-07-06T00:00:00,236.8748,729.5989,1743.8736,2.0764,6.3957,15.2868
2023-07-07T00:00:00,233.7552,719.9642,1720.8677,2.0491,6.3112,15.0851
2023-07-08T00:00:00,232.0542,714.7299,1708.3494,2.0342,6.2653,14.9754
2023-07-09T00:00:00,229.7007,707.4752,1691.0019,2.0136,6.2017,14.8233
2023-07-10T00:00:00,225.8541,695.6437,1662.6839,1.9798,6.098,14.5751
2023-07-11T00:00:00,223.9972,689.9151,1648.9917,1.9636,6.0478,14.4551
2023-07-12T00:00:00,224.5246,691.6168,1652.996,1.9682,6.0627,14.4902
2023-07-13T00:00:00,224.8268,692.6115,1655.3065,1.9708,6.0714,14.5104
2023-07-14T00:00:00,227.9666,702.3875,1678.5803,1.9984,6.1571,14.7144
2023-07-15T00:00:00,231.4017,713.0279,1703.9728,2.0285,6.2504,14.937
2023-07-16T00:00:00,236.118,727.6189,1738.8141,2.0698,6.3783,15.2424
2023-07-17T00:00:00,242.8023,748.2647,1788.1328,2.1284,6.5593,15.6748
2023-07-18T00:00:00,246.5759,759.9611,1816.0267,2.1615,6.6618,15.9193
2023-07-19T00:00:00,248.8859,767.0495,1833.0134,2.1817,6.724,16.0682
2023-07-20T00:00:00,251.0806,773.7937,1849.182,2.201,6.7831,16.2099
2023-07-21T00:00:00,250.5354,772.0788,1845.1287,2.1962,6.768,16.1744
2023-07-22T00:00:00,249.4134,768.6273,1836.8974,2.1864,6.7378,16.1022
2023-07-23T00:00:00,247.8782,763.8991,1825.5934,2.1729,6.6963,16.0032
2023-07-24T00:00:00,245.4927,756.51,1807.9238,2.152,6.6316,15.8483
2023-07-25T00:00:00,243.3309,749.8209,1791.9622,2.133,6.5729,15.7083
2023-07-26T00:00:00,239.6004,738.3053,1764.4112,2.1003,6.472,15.4668
2023-07-27T00:00:00,235.0602,724.3039,1730.9105,2.0605,6.3492,15.1732
2023-07-28T00:00:00,232.6524,716.8629,1713.1119,2.0394,6.284,15.0171
2023-07-29T00:00:00,229.672,707.648,1691.0854,2.0133,6.2032,14.8241
2023-07-30T00:00:00,225.6261,695.1368,1661.1668,1.9778,6.0936,14.5618
2023-07-31T00:00:00,221.8596,683.5279,1633.4127,1.9448,5.9918,14.3185
2023-08-01T00:00:00,219.3479,675.773,1614.8678,1.9228,5.9238,14.1559
2023-08-02T00:00:00,217.2394,669.2641,1599.2994,1.9043,5.8668,14.0195
2023-08-03T00:00:00,215.8885,665.0761,1589.3085,1.8925,5.8301,13.9319
2023-08-04T00:00:00,214.1706,659.7974,1576.7055,1.8774,5.7838,13.8214
2023-08-05T00:00:00,212.3738,654.262,1563.4839,1.8617,5.7353,13.7055
2023-08-06T00:00:00,211.5228,651.656,1557.3093,1.8542,5.7124,13.6514
2023-08-07T00:00:00,211.2606,650.8668,1555.4702,1.8519,5.7055,13.6353
2023-08-08T00:00:00,210.4035,648.2511,1549.2543,1.8444,5.6826,13.5808
2023-08-09T00:00:00,210.3402,648.0551,1548.8521,1.8438,5.6809,13.5772
2023-08-10T00:00:00,210.5442,648.705,1550.4255,1.8456,5.6865,13.591
2023-08-11T00:00:00,211.0555,650.2743,1554.2027,1.8501,5.7003,13.6241
2023-08-12T00:00:00,211.2484,650.8564,1555.6048,1.8518,5.7054,13.6364
2023-08-13T00:00:00,212.2535,653.9734,1563.0573,1.8606,5.7327,13.7018
2023-08-14T00:00:00,213.246,657.0234,1570.358,1.8693,5.7595,13.7658
2023-08-15T00:00:00,214.6523,661.3388,1580.6728,1.8816,5.7973,13.8562
2023-08-16T00:00:00,216.2413,666.2437,1592.3516,1.8956,5.8403,13.9586
2023-08-17T00:00:00,218.2709,672.4859,1607.236,1.9134,5.895,14.089
2023-08-18T00:00:00,218.4437,672.99,1608.4227,1.9149,5.8994,14.0994
2023-08-19T00:00:00,219.3592,675.8091,1615.1587,1.9229,5.9241,14.1585
2023-08-20T00:00:00,219.421,675.9852,1615.5439,1.9234,5.9257,14.1619
2023-08-21T00:00:00,219.6626,676.7185,1617.3013,1.9256,5.9321,14.1773
2023-08-22T00:00:00,219.1367,675.1027,1613.4723,1.921,5.918,14.1437
2023-08-23T00:00:00,218.9051,674.3558,1611.76,1.9189,5.9114,14.1287
2023-08-24T00:00:00,223.3678,688.1305,1644.7554,1.958,6.0322,14.4179
2023-08-25T00:00:00,228.8669,705.1224,1685.4138,2.0062,6.1811,14.7743
2023-08-26T00:00:00,234.885,723.6931,1729.836,2.059,6.3439,15.1637
2023-08-27T00:00:00,241.8443,745.1638,1781.2196,2.12,6.5321,15.6142
2023-08-28T00:00:00,246.5223,759.6094,1815.7806,2.161,6.6587,15.9171
2023-08-29T00:00:00,253.0071,779.6135,1863.6042,2.2179,6.8341,16.3364
2023-08-30T00:00:00,257.9686,794.9548,1900.2699,2.2614,6.9686,16.6578
2023-08-31T00:00:00,258.1806,795.6122,1901.8646,2.2632,6.9743,16.6717
2023-09-01T00:00:00,258.27,795.8973,1902.5651,2.264,6.9768,16.6779
2023-09-02T00:00:00,258.2471,795.865,1902.5035,2.2638,6.9766,16.6773
2023-09-03T00:00:00,257.8182,794.5537,1899.3887,2.26,6.9651,16.65
2023-09-04T00:00:00,259.9832,801.2376,1915.4006,2.279,7.0236,16.7904
2023-09-05T00:00:00,260.4993,802.8556,1919.2981,2.2835,7.0378,16.8246
2023-09-06T00:00:00,262.1549,807.9595,1931.5423,2.298,7.0826,16.9319
2023-09-07T00:00:00,263.6952,812.7168,1942.966,2.3116,7.1243,17.032
2023-09-08T00:00:00,265.6071,818.6269,1957.1413,2.3283,7.1761,17.1563
2023-09-09T00:00:00,266.985,822.8589,1967.2796,2.3404,7.2132,17.2452
2023-09-10T00:00:00,268.5777,827.7572,1979.0202,2.3544,7.2561,17.3481
2023-09-11T00:00:00,268.3785,827.1425,1977.5739,2.3526,7.2507,17.3354
2023-09-12T00:00:00,270.1678,832.6347,1990.7662,2.3683,7.2989,17.4511
2023-09-13T00:00:00,270.761,834.4921,1995.2327,2.3735,7.3152,17.4902
2023-09-14T00:00:00,270.4461,833.577,1993.0045,2.3707,7.3071,17.4707
2023-09-15T00:00:00,269.8144,831.6638,1988.3928,2.3652,7.2904,17.4303
2023-09-16T00:00:00,268.7897,828.5572,1980.9447,2.3562,7.2631,17.365
2023-09-17T00:00:00,267.0986,823.4004,1968.5602,2.3414,7.2179,17.2564
2023-09-18T00:00:00,265.8213,819.5408,1959.2586,2.3302,7.1841,17.1749
2023-09-19T00:00:00,264.1713,814.5038,1947.1255,2.3157,7.1399,17.0685
2023-09-20T00:00:00,263.3696,812.0578,1941.1935,2.3087,7.1185,17.0165
2023-09-21T00:00:00,263.4153,812.1954,1941.4907,2.3091,7.1197,17.0191
2023-09-22T00:00:00,264.577,815.7959,1950.0832,2.3193,7.1513,17.0944
2023-09-23T00:00:00,265.9919,820.155,1960.4612,2.3317,7.1895,17.1854
2023-09-24T00:00:00,267.4714,824.7279,1971.3185,2.3447,7.2296,17.2806
2023-09-25T00:00:00,269.601,831.2717,1986.9033,2.3633,7.2869,17.4172
2023-09-26T00:00:00,270.3122,833.4833,1992.0938,2.3696,7.3063,17.4627
2023-09-27T00:00:00,271.3673,836.7294,1999.7833,2.3788,7.3348,17.5301
2023-09-28T00:00:00,272.1032,838.9901,2005.076,2.3853,7.3546,17.5765
2023-09-29T00:00:00,272.0486,838.7851,2004.4622,2.3848,7.3528,17.5711
2023-09-30T00:00:00,272.2523,839.4019,2005.8527,2.3866,7.3582,17.5833
2023-10-01T00:00:00,271.7877,837.9559,2002.342,2.3825,7.3455,17.5525
2023-10-02T00:00:00,271.1297,835.9214,1997.4204,2.3767,7.3277,17.5094
2023-10-03T00:00:00,269.9901,832.4208,1988.9994,2.3667,7.297,17.4356
2023-10-04T00:00:00,268.8598,828.9506,1980.6975,2.3568,7.2666,17.3628
2023-10-05T00:00:00,266.3211,821.1459,1962.0518,2.3346,7.1982,17.1993
2023-10-06T00:00:00,263.5108,812.5113,1941.4305,2.3099,7.1225,17.0186
2023-10-07T00:00:00,261.0013,804.7837,1922.9852,2.2879,7.0547,16.8569
2023-10-08T00:00:00,258.5479,797.2639,1905.0306,2.2664,6.9888,16.6995
2023-10-09T00:00:00,255.7948,788.7936,1884.8152,2.2423,6.9146,16.5223
2023-10-10T00:00:00,254.9705,786.2502,1878.8098,2.2351,6.8923,16.4696
2023-10-11T00:00:00,253.8081,782.6677,1870.2648,2.2249,6.8609,16.3947
2023-10-12T00:00:00,253.0832,780.4492,1864.9754,2.2185,6.8414,16.3484
2023-10-13T00:00:00,253.4726,781.6702,1867.914,2.2219,6.8521,16.3741
2023-10-14T00:00:00,253.2291,780.9554,1866.2127,2.2198,6.8459,16.3592
2023-10-15T00:00:00,254.5589,785.0515,1876.0416,2.2315,6.8818,16.4454
2023-10-16T00:00:00,256.1996,790.1188,1888.209,2.2458,6.9262,16.552
2023-10-17T00:00:00,256.4954,791.063,1890.4801,2.2484,6.9345,16.5719
2023-10-18T00:00:00,257.6964,794.7821,1899.3949,2.259,6.9671,16.6501
2023-10-19T00:00:00,259.5105,800.3788,1912.8379,2.2749,7.0161,16.7679
2023-10-20T00:00:00,261.8105,807.4904,1929.8748,2.295,7.0785,16.9173
2023-10-21T00:00:00,264.0325,814.3532,1946.2778,2.3145,7.1386,17.0611
2023-10-22T00:00:00,266.0034,820.4513,1960.8091,2.3318,7.1921,17.1885
2023-10-23T00:00:00,267.7302,825.7976,1973.5353,2.3469,7.2389,17.3
2023-10-24T00:00:00,269.5399,831.3793,1986.8395,2.3628,7.2879,17.4166
2023-10-25T00:00:00,270.8342,835.3992,1996.4026,2.3741,7.3231,17.5005
2023-10-26T00:00:00,273.2282,842.7784,2013.9851,2.3951,7.3878,17.6546
2023-10-27T00:00:00,273.5406,843.7369,2016.2163,2.3979,7.3962,17.6742
2023-10-28T00:00:00,274.5937,846.9941,2023.9881,2.4071,7.4247,17.7423
2023-10-29T00:00:00,275.0127,848.2806,2027.0842,2.4108,7.436,17.7694
2023-10-30T00:00:00,275.9004,851.0084,2033.6163,2.4185,7.4599,17.8267
2023-10-31T00:00:00,277.4905,855.9104,2045.3515,2.4325,7.5029,17.9296
2023-11-01T00:00:00,278.8586,860.1305,2055.4411,2.4445,7.5399,18.018
2023-11-02T00:00:00,279.492,862.1099,2060.1584,2.45,7.5573,18.0593
2023-11-03T00:00:00,280.8386,866.2769,2070.1128,2.4618,7.5938,18.1466
2023-11-04T00:00:00,281.4518,868.1703,2074.6166,2.4672,7.6104,18.1861
2023-11-05T00:00:00,282.333,870.8981,2081.1153,2.4749,7.6343,18.2431
2023-11-06T00:00:00,282.0565,870.0533,2079.0679,2.4725,7.6269,18.2251
2023-11-07T00:00:00,281.7481,869.1369,2076.8537,2.4698,7.6189,18.2057
2023-11-08T00:00:00,280.8318,866.3233,2070.1084,2.4618,7.5942,18.1466
2023-11-09T00:00:00,279.984,863.7242,2063.9076,2.4543,7.5714,18.0922
2023-11-10T00:00:00,278.99,860.6567,2056.6043,2.4456,7.5445,18.0282
2023-11-11T00:00:00,278.1107,857.9602,2050.1845,2.4379,7.5209,17.9719
2023-11-12T00:00:00,276.4365,852.8095,2037.8916,2.4232,7.4757,17.8642
2023-11-13T00:00:00,276.3628,852.6206,2037.4761,2.4226,7.4741,17.8605
2023-11-14T00:00:00,275.8611,851.066,2033.7943,2.4182,7.4604,17.8282
2023-11-15T00:00:00,276.0923,851.8027,2035.604,2.4202,7.4669,17.8441
2023-11-16T00:00:00,275.4643,849.8814,2031.0503,2.4147,7.4501,17.8042
2023-11-17T00:00:00,275.5582,850.1777,2031.7662,2.4155,7.4527,17.8105
2023-11-18T00:00:00,276.3076,852.5019,2037.3148,2.4221,7.473,17.8591
2023-11-19T00:00:00,277.1444,855.0812,2043.4663,2.4294,7.4956,17.913
2023-11-20T00:00:00,276.7257,853.777,2040.3084,2.4258,7.4842,17.8853
2023-11-21T00:00:00,276.4395,852.921,2038.2044,2.4233,7.4767,17.8669
2023-11-22T00:00:00,275.3949,849.7011,2030.4717,2.4141,7.4485,17.7991
2023-11-23T00:00:00,274.6524,847.422,2024.9691,2.4076,7.4285,17.7509
2023-11-24T00:00:00,271.765,838.5606,2003.7478,2.3823,7.3508,17.5649
2023-11-25T00:00:00,269.4714,831.5005,1986.8763,2.3622,7.2889,17.417
2023-11-26T00:00:00,267.8743,826.6181,1975.2357,2.3482,7.2461,17.3149
2023-11-27T00:00:00,267.1112,824.2803,1969.6817,2.3415,7.2256,17.2662
2023-11-28T00:00:00,266.6504,822.8465,1966.2832,2.3375,7.2131,17.2364
2023-11-29T00:00:00,265.0225,817.8365,1954.3041,2.3232,7.1692,17.1314
2023-11-30T00:00:00,263.5304,813.2271,1943.2989,2.3101,7.1287,17.035
2023-12-01T00:00:00,263.4096,812.834,1942.3742,2.309,7.1253,17.0269
2023-12-02T00:00:00,261.781,807.8257,1930.392,2.2948,7.0814,16.9218
2023-12-03T00:00:00,260.469,803.767,1920.6696,2.2833,7.0458,16.8366
2023-12-04T00:00:00,258.9885,799.226,1909.8155,2.2703,7.006,16.7414
2023-12-05T00:00:00,257.8208,795.6273,1901.2255,2.2601,6.9745,16.6661
2023-12-06T00:00:00,258.5996,798.0166,1906.9833,2.2669,6.9954,16.7166
2023-12-07T00:00:00,259.0293,799.3611,1910.2205,2.2707,7.0072,16.745
2023-12-08T00:00:00,259.3952,800.5164,1913.035,2.2739,7.0173,16.7697
2023-12-09T00:00:00,260.6752,804.4635,1922.5459,2.2851,7.0519,16.853
2023-12-10T00:00:00,261.5463,807.1612,1929.0626,2.2927,7.0756,16.9102
2023-12-11T00:00:00,262.7293,810.817,1937.8685,2.3031,7.1076,16.9874
2023-12-12T00:00:00,262.3919,809.7982,1935.4887,2.3001,7.0987,16.9665
2023-12-13T00:00:00,261.8124,808.0369,1931.3384,2.295,7.0833,16.9301
2023-12-14T00:00:00,261.5136,807.1311,1929.224,2.2924,7.0753,16.9116
2023-12-15T00:00:00,260.475,803.9378,1921.5958,2.2833,7.0473,16.8447
2023-12-16T00:00:00,259.8264,801.9344,1916.8105,2.2776,7.0298,16.8028
2023-12-17T00:00:00,258.2658,797.1418,1905.347,2.264,6.9877,16.7023
2023-12-18T00:00:00,257.2323,793.9444,1897.7085,2.2549,6.9597,16.6353
2023-12-19T00:00:00,257.045,793.3696,1896.3692,2.2533,6.9547,16.6236
2023-12-20T00:00:00,256.4465,791.5175,1891.9264,2.248,6.9384,16.5846
2023-12-21T00:00:00,256.3602,791.2406,1891.2881,2.2473,6.936,16.579
2023-12-22T00:00:00,256.5289,791.7533,1892.5518,2.2487,6.9405,16.5901
2023-12-23T00:00:00,256.4318,791.467,1891.891,2.2479,6.938,16.5843
2023-12-24T00:00:00,257.4989,794.7577,1899.8072,2.2572,6.9668,16.6537
2023-12-25T00:00:00,256.9139,792.9701,1895.5292,2.2521,6.9512,16.6162
2023-12-26T00:00:00,256.4141,791.4239,1891.8341,2.2477,6.9376,16.5838
2023-12-27T00:00:00,256.2102,790.8105,1890.3864,2.2459,6.9322,16.5711
2023-12-28T00:00:00,255.2215,787.7718,1883.0986,2.2373,6.9056,16.5072
2023-12-29T00:00:00,255.1657,787.6192,1882.7338,2.2368,6.9043,16.504
2023-12-30T00:00:00,254.5303,785.6607,1878.0664,2.2312,6.8871,16.4631
2023-12-31T00:00:00,253.3642,782.0361,1869.3806,2.221,6.8553,16.387
2024-01-01T00:00:00,253.0165,780.9658,1866.8323,2.2179,6.8459,16.3647
2024-01-02T00:00:00,252.378,778.998,1862.1256,2.2123,6.8287,16.3234
2024-01-03T00:00:00,251.6607,776.7787,1856.8213,2.2061,6.8092,16.2769
2024-01-04T00:00:00,250.891,774.3932,1851.1185,2.1993,6.7883,16.2269
2024-01-05T00:00:00,250.4188,772.9075,1847.5572,2.1952,6.7753,16.1957
2024-01-06T00:00:00,249.7981,770.9858,1842.95,2.1897,6.7585,16.1553
2024-01-07T00:00:00,249.0283,768.6218,1837.2922,2.183,6.7377,16.1057
2024-01-08T00:00:00,248.1865,766.0291,1831.0972,2.1756,6.715,16.0514
2024-01-09T00:00:00,248.7603,767.8343,1835.4053,2.1806,6.7308,16.0892
2024-01-10T00:00:00,248.8364,768.1076,1836.057,2.1813,6.7332,16.0949
2024-01-11T00:00:00,248.8241,768.0885,1836.0052,2.1812,6.7331,16.0944
2024-01-12T00:00:00,249.6802,770.7631,1842.4183,2.1887,6.7565,16.1506
2024-01-13T00:00:00,250.6642,773.8438,1849.7937,2.1973,6.7835,16.2153
2024-01-14T00:00:00,251.8998,777.6726,1858.9774,2.2082,6.8171,16.2958
2024-01-15T00:00:00,252.9382,780.8698,1866.6285,2.2173,6.8451,16.3629
2024-01-16T00:00:00,252.6623,780.0294,1864.618,2.2148,6.8377,16.3452
2024-01-17T00:00:00,251.6253,776.8119,1856.898,2.2057,6.8095,16.2776
2024-01-18T00:00:00,251.9787,777.9168,1859.5589,2.2088,6.8192,16.3009
2024-01-19T00:00:00,250.6092,773.6787,1849.4029,2.1968,6.7821,16.2119
2024-01-20T00:00:00,249.9611,771.6583,1844.5632,2.1912,6.7644,16.1694
2024-01-21T00:00:00,248.2203,766.2585,1831.6179,2.1759,6.717,16.056
2024-01-22T00:00:00,248.3432,766.6491,1832.5558,2.177,6.7204,16.0642
2024-01-23T00:00:00,247.8766,765.194,1829.0876,2.1729,6.7077,16.0338
2024-01-24T00:00:00,248.604,767.47,1834.5747,2.1793,6.7276,16.0819
2024-01-25T00:00:00,248.7586,767.9825,1835.8082,2.1806,6.7321,16.0927
2024-01-26T00:00:00,248.8201,768.2129,1836.3795,2.1812,6.7342,16.0977
2024-01-27T00:00:00,248.6511,767.7337,1835.2485,2.1797,6.73,16.0878
2024-01-28T00:00:00,249.0421,769.0011,1838.2987,2.1831,6.7411,16.1145
2024-01-29T00:00:00,247.9372,765.6145,1830.1964,2.1734,6.7114,16.0435
2024-01-30T00:00:00,247.1874,763.3253,1824.7215,2.1668,6.6913,15.9955
2024-01-31T00:00:00,246.2969,760.5753,1818.1324,2.159,6.6672,15.9377
2024-02-01T00:00:00,244.9039,756.2745,1807.8354,2.1468,6.6295,15.8475
2024-02-02T00:00:00,243.4537,751.7708,1797.046,2.1341,6.59,15.7529
2024-02-03T00:00:00,241.6969,746.3291,1783.9922,2.1187,6.5423,15.6385
2024-02-04T00:00:00,240.4635,742.532,1774.8966,2.1079,6.509,15.5587
2024-02-05T00:00:00,238.5461,736.5963,1760.6723,2.0911,6.457,15.4341
2024-02-06T00:00:00,237.1424,732.2403,1750.2339,2.0788,6.4188,15.3426
2024-02-07T00:00:00,235.8748,728.319,1740.8204,2.0677,6.3844,15.26
2024-02-08T00:00:00,234.6651,724.5651,1731.8219,2.0571,6.3515,15.1812
2024-02-09T00:00:00,231.5719,715.0072,1708.9122,2.03,6.2678,14.9803
2024-02-10T00:00:00,228.6607,705.9726,1687.277,2.0044,6.1886,14.7907
2024-02-11T00:00:00,225.1642,695.093,1661.1939,1.9738,6.0932,14.562
2024-02-12T00:00:00,222.1663,685.801,1638.926,1.9475,6.0117,14.3668
2024-02-13T00:00:00,219.275,676.8515,1617.4798,1.9222,5.9333,14.1788
2024-02-14T00:00:00,216.6647,668.7464,1598.0724,1.8993,5.8622,14.0087
2024-02-15T00:00:00,214.1451,660.9023,1579.2982,1.8772,5.7935,13.8441
2024-02-16T00:00:00,214.0229,660.4861,1578.3086,1.8761,5.7898,13.8355
2024-02-17T00:00:00,213.888,660.0435,1577.2549,1.8749,5.7859,13.8262
2024-02-18T00:00:00,214.5443,662.0743,1582.1407,1.8807,5.8037,13.869
2024-02-19T00:00:00,214.6319,662.3575,1582.7906,1.8815,5.8062,13.8747
2024-02-20T00:00:00,215.0136,663.5504,1585.593,1.8848,5.8167,13.8993
2024-02-21T00:00:00,215.7578,665.8773,1591.1008,1.8913,5.8371,13.9476
2024-02-22T00:00:00,216.4924,668.1727,1596.5336,1.8978,5.8572,13.9952
2024-02-23T00:00:00,217.5841,671.5787,1604.6391,1.9073,5.8871,14.0663
2024-02-24T00:00:00,218.2124,673.5814,1609.3795,1.9129,5.9046,14.1078
2024-02-25T00:00:00,218.5153,674.5781,1611.7,1.9155,5.9134,14.1282
2024-02-26T00:00:00,220.3079,680.1514,1625.0533,1.9312,5.9622,14.2452
2024-02-27T00:00:00,220.1793,679.7478,1624.1054,1.9301,5.9587,14.2369
2024-02-28T00:00:00,219.2516,676.8835,1617.2523,1.922,5.9336,14.1768
2024-02-29T00:00:00,219.2454,676.8905,1617.2787,1.9219,5.9336,14.1771
2024-03-01T00:00:00,218.1694,673.5559,1609.3082,1.9125,5.9044,14.1072
2024-03-02T00:00:00,217.7314,672.1909,1606.0638,1.9086,5.8924,14.0788
2024-03-03T00:00:00,217.3948,671.1361,1603.5566,1.9057,5.8832,14.0568
2024-03-04T00:00:00,217.1938,670.5014,1602.0326,1.9039,5.8776,14.0434
2024-03-05T00:00:00,218.3288,673.9992,1610.4064,1.9139,5.9083,14.1168
2024-03-06T00:00:00,219.2043,676.6879,1616.856,1.9215,5.9318,14.1734
2024-03-07T00:00:00,218.7616,675.2879,1613.4932,1.9177,5.9196,14.1439
2024-03-08T00:00:00,219.7068,678.1808,1620.4139,1.9259,5.9449,14.2045
2024-03-09T00:00:00,220.5443,680.741,1626.5082,1.9333,5.9674,14.258
2024-03-10T00:00:00,221.9979,685.2092,1637.1923,1.946,6.0065,14.3516
2024-03-11T00:00:00,222.7039,687.3721,1642.3457,1.9522,6.0255,14.3968
2024-03-12T00:00:00,223.8723,690.9886,1651.0037,1.9625,6.0572,14.4727
2024-03-13T00:00:00,222.2717,686.0381,1639.1237,1.9484,6.0138,14.3686
2024-03-14T00:00:00,217.9702,672.7982,1607.3779,1.9107,5.8977,14.0903
2024-03-15T00:00:00,214.3349,661.5976,1580.5158,1.8789,5.7996,13.8548
2024-03-16T00:00:00,210.5653,649.9692,1552.6622,1.8458,5.6976,13.6106
2024-03-17T00:00:00,206.0674,636.0939,1519.4118,1.8064,5.576,13.3192
2024-03-18T00:00:00,201.4702,621.9001,1485.3946,1.7661,5.4516,13.021
2024-03-19T00:00:00,196.9979,608.0859,1452.2838,1.7269,5.3305,12.7307
2024-03-20T00:00:00,195.9613,604.9052,1444.6571,1.7178,5.3026,12.6639
2024-03-21T00:00:00,198.5478,612.87,1463.7488,1.7405,5.3724,12.8312
2024-03-22T00:00:00,199.6945,616.4313,1472.2834,1.7505,5.4036,12.906
2024-03-23T00:00:00,200.7524,619.7212,1480.1494,1.7598,5.4325,12.975
2024-03-24T00:00:00,202.0001,623.5866,1489.4017,1.7707,5.4664,13.0561
2024-03-25T00:00:00,203.1123,627.0319,1497.6591,1.7805,5.4966,13.1285
2024-03-26T00:00:00,203.8463,629.3105,1503.1234,1.7869,5.5165,13.1764
2024-03-27T00:00:00,204.1325,630.2026,1505.2651,1.7894,5.5244,13.1952
2024-03-28T00:00:00,204.4018,631.0384,1507.2798,1.7918,5.5317,13.2128
2024-03-29T00:00:00,204.5366,631.4544,1508.2861,1.793,5.5353,13.2216
2024-03-30T00:00:00,204.5618,631.5143,1508.4499,1.7932,5.5359,13.2231
2024-03-31T00:00:00,204.6031,631.6285,1508.7377,1.7936,5.5369,13.2256
2024-04-01T00:00:00,204.4751,631.2221,1507.777,1.7924,5.5333,13.2172
2024-04-02T00:00:00,203.9792,629.6914,1504.0945,1.7881,5.5199,13.1849
2024-04-03T00:00:00,203.5708,628.4086,1501.0135,1.7845,5.5086,13.1579
2024-04-04T00:00:00,202.5247,625.1677,1493.235,1.7753,5.4802,13.0897
2024-04-05T00:00:00,201.7262,622.6894,1487.2809,1.7683,5.4585,13.0375
2024-04-06T00:00:00,201.3565,621.5617,1484.5652,1.7651,5.4486,13.0137
2024-04-07T00:00:00,200.8163,619.8967,1480.5652,1.7604,5.434,12.9786
2024-04-08T00:00:00,199.7208,616.5052,1472.4386,1.7508,5.4043,12.9074
2024-04-09T00:00:00,198.7302,613.42,1465.0701,1.7421,5.3772,12.8428
2024-04-10T00:00:00,197.8154,610.5815,1458.2933,1.7341,5.3524,12.7834
2024-04-11T00:00:00,197.7385,610.3426,1457.7374,1.7334,5.3503,12.7785
